Title,Link,Date
"Bombay HC acquits man of rape, says impossible for a single man to gag victim, remove her clothes without scuffle - India Today",https://news.google.com/rss/articles/CBMifGh0dHBzOi8vd3d3LmluZGlhdG9kYXkuaW4vaW5kaWEvc3RvcnkvYm9tYmF5LWhjLWFjcXVpdC1tYW4tcmFwZS1pbXBvc3NpYmxlLW1hbi1nYWctdmljdGltLWNsb3RoZXMtc2N1ZmZsZS0xNzYzOTExLTIwMjEtMDEtMjnSAYABaHR0cHM6Ly93d3cuaW5kaWF0b2RheS5pbi9hbXAvaW5kaWEvc3RvcnkvYm9tYmF5LWhjLWFjcXVpdC1tYW4tcmFwZS1pbXBvc3NpYmxlLW1hbi1nYWctdmljdGltLWNsb3RoZXMtc2N1ZmZsZS0xNzYzOTExLTIwMjEtMDEtMjk?oc=5,"Fri, 29 Jan 2021 08:00:00 GMT"
MP: 8 held for rape of 13-year-old - Hindustan Times,https://news.google.com/rss/articles/CBMiXmh0dHBzOi8vd3d3LmhpbmR1c3RhbnRpbWVzLmNvbS9pbmRpYS1uZXdzL21wLTgtaGVsZC1mb3ItcmFwZS1vZi0xM3llYXJvbGQtMTAxNjEwOTA3MTQxMjU2Lmh0bWzSAWJodHRwczovL3d3dy5oaW5kdXN0YW50aW1lcy5jb20vaW5kaWEtbmV3cy9tcC04LWhlbGQtZm9yLXJhcGUtb2YtMTN5ZWFyb2xkLTEwMTYxMDkwNzE0MTI1Ni1hbXAuaHRtbA?oc=5,"Sun, 17 Jan 2021 08:00:00 GMT"
"13-year-old girl abducted, raped by 9 men in MP; 7 arrested - The Indian Express",https://news.google.com/rss/articles/CBMiamh0dHBzOi8vaW5kaWFuZXhwcmVzcy5jb20vYXJ0aWNsZS9pbmRpYS8xMy15ZWFyLW9sZC1naXJsLWFiZHVjdGVkLXJhcGVkLWJ5LTktbWVuLWluLW1wLTctYXJyZXN0ZWQtNzE1MDE4My_SAW9odHRwczovL2luZGlhbmV4cHJlc3MuY29tL2FydGljbGUvaW5kaWEvMTMteWVhci1vbGQtZ2lybC1hYmR1Y3RlZC1yYXBlZC1ieS05LW1lbi1pbi1tcC03LWFycmVzdGVkLTcxNTAxODMvbGl0ZS8?oc=5,"Sun, 17 Jan 2021 08:00:00 GMT"
"13-year-old girl abducted, raped by nine men in Madhya Pradesh; seven arrested - The New Indian Express",https://news.google.com/rss/articles/CBMijAFodHRwczovL3d3dy5uZXdpbmRpYW5leHByZXNzLmNvbS9uYXRpb24vMjAyMS9qYW4vMTcvMTMteWVhci1vbGQtZ2lybC1hYmR1Y3RlZC1yYXBlZC1ieS1uaW5lLW1lbi1pbi1tYWRoeWEtcHJhZGVzaC1zZXZlbmFycmVzdGVkLTIyNTEzNDAuaHRtbNIBiwFodHRwczovL3d3dy5uZXdpbmRpYW5leHByZXNzLmNvbS9uYXRpb24vMjAyMS9qYW4vMTcvMTMteWVhci1vbGQtZ2lybC1hYmR1Y3RlZC1yYXBlZC1ieS1uaW5lLW1lbi1pbi1tYWRoeWEtcHJhZGVzaC1zZXZlbmFycmVzdGVkLTIyNTEzNDAuYW1w?oc=5,"Sun, 17 Jan 2021 08:00:00 GMT"
"Class 4 girl survives rape, strangulation in UP, denied hospital bed for 4 days - India Today",https://news.google.com/rss/articles/CBMihgFodHRwczovL3d3dy5pbmRpYXRvZGF5LmluL2NyaW1lL3N0b3J5L2NsYXNzLTQtZ2lybC1zdXJ2aXZlcy1yYXBlLXN0cmFuZ3VsYXRpb24taW4tdXAtZGVuaWVkLWhvc3BpdGFsLWJlZC1mb3ItNC1kYXlzLTE3NTg3ODQtMjAyMS0wMS0xM9IBigFodHRwczovL3d3dy5pbmRpYXRvZGF5LmluL2FtcC9jcmltZS9zdG9yeS9jbGFzcy00LWdpcmwtc3Vydml2ZXMtcmFwZS1zdHJhbmd1bGF0aW9uLWluLXVwLWRlbmllZC1ob3NwaXRhbC1iZWQtZm9yLTQtZGF5cy0xNzU4Nzg0LTIwMjEtMDEtMTM?oc=5,"Wed, 13 Jan 2021 08:00:00 GMT"
"UP: Temple priest, aides charged with rape-murder of woman - Hindustan Times",https://news.google.com/rss/articles/CBMihAFodHRwczovL3d3dy5oaW5kdXN0YW50aW1lcy5jb20vaW5kaWEtbmV3cy91cC10ZW1wbGUtcHJpZXN0LWFpZGVzLWNoYXJnZWQtd2l0aC1yYXBlLW11cmRlci1vZi13b21hbi9zdG9yeS1oU2Y2R2pwMFVjSExIQjRIenRKQkFMLmh0bWzSAYgBaHR0cHM6Ly93d3cuaGluZHVzdGFudGltZXMuY29tL2luZGlhLW5ld3MvdXAtdGVtcGxlLXByaWVzdC1haWRlcy1jaGFyZ2VkLXdpdGgtcmFwZS1tdXJkZXItb2Ytd29tYW4vc3RvcnktaFNmNkdqcDBVY0hMSEI0SHp0SkJBTF9hbXAuaHRtbA?oc=5,"Thu, 07 Jan 2021 08:00:00 GMT"
"Budaun gang-rape case: NCW takes cognizance, to meet victim’s kin - Hindustan Times",https://news.google.com/rss/articles/CBMiiwFodHRwczovL3d3dy5oaW5kdXN0YW50aW1lcy5jb20vaW5kaWEtbmV3cy9idWRhdW4tZ2FuZy1yYXBlLWNhc2UtbmN3LXRha2VzLWNvZ25pemFuY2UtdG8tbWVldC12aWN0aW0tcy1raW4vc3RvcnktS0JBSVY1SVpxSUkxUkVSazVrOU1BTi5odG1s0gGPAWh0dHBzOi8vd3d3LmhpbmR1c3RhbnRpbWVzLmNvbS9pbmRpYS1uZXdzL2J1ZGF1bi1nYW5nLXJhcGUtY2FzZS1uY3ctdGFrZXMtY29nbml6YW5jZS10by1tZWV0LXZpY3RpbS1zLWtpbi9zdG9yeS1LQkFJVjVJWnFJSTFSRVJrNWs5TUFOX2FtcC5odG1s?oc=5,"Wed, 06 Jan 2021 08:00:00 GMT"
Mumbai man jailed for 7 years for attempting to rape minor - India Today,https://news.google.com/rss/articles/CBMiigFodHRwczovL3d3dy5pbmRpYXRvZGF5LmluL2luZGlhL3N0b3J5L211bWJhaS1jb3VydC1jb252aWN0cy1tYW4tZmFrZS1kZWF0aC1jZXJ0aWZpY2F0ZS1lc2NhcGUtYXR0ZW1wdGVkLXJhcGUtbWlub3ItY2FzZS0xNzU4NDIzLTIwMjEtMDEtMTLSAY4BaHR0cHM6Ly93d3cuaW5kaWF0b2RheS5pbi9hbXAvaW5kaWEvc3RvcnkvbXVtYmFpLWNvdXJ0LWNvbnZpY3RzLW1hbi1mYWtlLWRlYXRoLWNlcnRpZmljYXRlLWVzY2FwZS1hdHRlbXB0ZWQtcmFwZS1taW5vci1jYXNlLTE3NTg0MjMtMjAyMS0wMS0xMg?oc=5,"Tue, 12 Jan 2021 08:00:00 GMT"
Badaun gang rape: Accused priest sent to 10-day judicial custody - Hindustan Times,https://news.google.com/rss/articles/CBMihwFodHRwczovL3d3dy5oaW5kdXN0YW50aW1lcy5jb20vY2l0aWVzL2x1Y2tub3ctbmV3cy9iYWRhdW4tZ2FuZy1yYXBlLWFjY3VzZWQtcHJpZXN0LXNlbnQtdG8tMTAtZGF5LWp1ZGljaWFsLWN1c3RvZHktMTAxNjEwMTYxNDI1NTk3Lmh0bWzSAYsBaHR0cHM6Ly93d3cuaGluZHVzdGFudGltZXMuY29tL2NpdGllcy9sdWNrbm93LW5ld3MvYmFkYXVuLWdhbmctcmFwZS1hY2N1c2VkLXByaWVzdC1zZW50LXRvLTEwLWRheS1qdWRpY2lhbC1jdXN0b2R5LTEwMTYxMDE2MTQyNTU5Ny1hbXAuaHRtbA?oc=5,"Sat, 09 Jan 2021 08:00:00 GMT"
Waqf board member booked for rape in Mumbai - India Today,https://news.google.com/rss/articles/CBMibGh0dHBzOi8vd3d3LmluZGlhdG9kYXkuaW4vY2l0aWVzL211bWJhaS9zdG9yeS93YXFmLWJvYXJkLW1lbWJlci1ib29rZWQtZm9yLXJhcGUtaW4tbXVtYmFpLTE3NTUyMzktMjAyMS0wMS0wMtIBcGh0dHBzOi8vd3d3LmluZGlhdG9kYXkuaW4vYW1wL2NpdGllcy9tdW1iYWkvc3Rvcnkvd2FxZi1ib2FyZC1tZW1iZXItYm9va2VkLWZvci1yYXBlLWluLW11bWJhaS0xNzU1MjM5LTIwMjEtMDEtMDI?oc=5,"Sat, 02 Jan 2021 08:00:00 GMT"
"Kerala girl recounts horror of rape, abuse by 38 men over months, police book 44 - India Today",https://news.google.com/rss/articles/CBMiaGh0dHBzOi8vd3d3LmluZGlhdG9kYXkuaW4vY3JpbWUvc3Rvcnkva2VyYWxhLXRlZW4tcmFwZS1ieS0zOC1tZW4tb3Zlci1wYXN0LWZldy1tb250aHMtMTc2MDQwOS0yMDIxLTAxLTE40gFsaHR0cHM6Ly93d3cuaW5kaWF0b2RheS5pbi9hbXAvY3JpbWUvc3Rvcnkva2VyYWxhLXRlZW4tcmFwZS1ieS0zOC1tZW4tb3Zlci1wYXN0LWZldy1tb250aHMtMTc2MDQwOS0yMDIxLTAxLTE4?oc=5,"Tue, 19 Jan 2021 08:00:00 GMT"
Mumbai: Fashion designer accuses CA of rape on pretext of marriage - Mumbai Mirror,https://news.google.com/rss/articles/CBMiiwFodHRwczovL211bWJhaW1pcnJvci5pbmRpYXRpbWVzLmNvbS9tdW1iYWkvY3JpbWUvbXVtYmFpLWZhc2hpb24tZGVzaWduZXItYWNjdXNlcy1jYS1vZi1yYXBlLW9uLXByZXRleHQtb2YtbWFycmlhZ2UvYXJ0aWNsZXNob3cvODAwODI3NjEuY21z0gGPAWh0dHBzOi8vbXVtYmFpbWlycm9yLmluZGlhdGltZXMuY29tL211bWJhaS9jcmltZS9tdW1iYWktZmFzaGlvbi1kZXNpZ25lci1hY2N1c2VzLWNhLW9mLXJhcGUtb24tcHJldGV4dC1vZi1tYXJyaWFnZS9hbXBfYXJ0aWNsZXNob3cvODAwODI3NjEuY21z?oc=5,"Sun, 03 Jan 2021 08:00:00 GMT"
"Greater Noida: Man breaks into house, rapes 14-year-old at gunpoint - India Today",https://news.google.com/rss/articles/CBMigQFodHRwczovL3d3dy5pbmRpYXRvZGF5LmluL2NpdGllcy9ub2lkYS9zdG9yeS9ncmVhdGVyLW5vaWRhLW1hbi1icmVha3MtaW50by1ob3VzZS1yYXBlcy0xNC15ZWFyLW9sZC1hdC1ndW5wb2ludC0xNzU3NzUxLTIwMjEtMDEtMTHSAYUBaHR0cHM6Ly93d3cuaW5kaWF0b2RheS5pbi9hbXAvY2l0aWVzL25vaWRhL3N0b3J5L2dyZWF0ZXItbm9pZGEtbWFuLWJyZWFrcy1pbnRvLWhvdXNlLXJhcGVzLTE0LXllYXItb2xkLWF0LWd1bnBvaW50LTE3NTc3NTEtMjAyMS0wMS0xMQ?oc=5,"Mon, 11 Jan 2021 08:00:00 GMT"
Woman raped by two men inside temple in Nagapattinam - The Hindu,https://news.google.com/rss/articles/CBMiemh0dHBzOi8vd3d3LnRoZWhpbmR1LmNvbS9uZXdzL25hdGlvbmFsL3RhbWlsLW5hZHUvd29tYW4tcmFwZWQtYnktdHdvLW1lbi1pbnNpZGUtdGVtcGxlLWluLW5hZ2FwYXR0aW5hbS9hcnRpY2xlMzM1MjcwOTMuZWNl0gF_aHR0cHM6Ly93d3cudGhlaGluZHUuY29tL25ld3MvbmF0aW9uYWwvdGFtaWwtbmFkdS93b21hbi1yYXBlZC1ieS10d28tbWVuLWluc2lkZS10ZW1wbGUtaW4tbmFnYXBhdHRpbmFtL2FydGljbGUzMzUyNzA5My5lY2UvYW1wLw?oc=5,"Fri, 08 Jan 2021 08:00:00 GMT"
Man arrested for rape of 6-year-old girl in MP’s Bhind district - Hindustan Times,https://news.google.com/rss/articles/CBMifmh0dHBzOi8vd3d3LmhpbmR1c3RhbnRpbWVzLmNvbS9pbmRpYS1uZXdzL21hbi1hcnJlc3RlZC1mb3ItcmFwZS1vZi02LXllYXItb2xkLWdpcmwtaW4tbXAtcy1iaGluZC1kaXN0cmljdC0xMDE2MTE1NjM0MTQzNjAuaHRtbNIBggFodHRwczovL3d3dy5oaW5kdXN0YW50aW1lcy5jb20vaW5kaWEtbmV3cy9tYW4tYXJyZXN0ZWQtZm9yLXJhcGUtb2YtNi15ZWFyLW9sZC1naXJsLWluLW1wLXMtYmhpbmQtZGlzdHJpY3QtMTAxNjExNTYzNDE0MzYwLWFtcC5odG1s?oc=5,"Mon, 25 Jan 2021 08:00:00 GMT"
Woman withdraws rape complaint against Dhananjay Munde - The Indian Express,https://news.google.com/rss/articles/CBMib2h0dHBzOi8vaW5kaWFuZXhwcmVzcy5jb20vYXJ0aWNsZS9jaXRpZXMvbXVtYmFpL3dvbWFuLXdpdGhkcmF3cy1yYXBlLWNvbXBsYWludC1hZ2FpbnN0LWRoYW5hbmpheS1tdW5kZS03MTU2ODQ2L9IBdGh0dHBzOi8vaW5kaWFuZXhwcmVzcy5jb20vYXJ0aWNsZS9jaXRpZXMvbXVtYmFpL3dvbWFuLXdpdGhkcmF3cy1yYXBlLWNvbXBsYWludC1hZ2FpbnN0LWRoYW5hbmpheS1tdW5kZS03MTU2ODQ2L2xpdGUv?oc=5,"Fri, 22 Jan 2021 08:00:00 GMT"
"Woman gang-raped in Madhya Pradesh, rod inserted into private parts - The Hindu",https://news.google.com/rss/articles/CBMiigFodHRwczovL3d3dy50aGVoaW5kdS5jb20vbmV3cy9uYXRpb25hbC9vdGhlci1zdGF0ZXMvd29tYW4tZ2FuZy1yYXBlZC1pbi1tYWRoeWEtcHJhZGVzaC1yb2QtaW5zZXJ0ZWQtaW50by1wcml2YXRlLXBhcnRzL2FydGljbGUzMzU1MTU4NS5lY2XSAY8BaHR0cHM6Ly93d3cudGhlaGluZHUuY29tL25ld3MvbmF0aW9uYWwvb3RoZXItc3RhdGVzL3dvbWFuLWdhbmctcmFwZWQtaW4tbWFkaHlhLXByYWRlc2gtcm9kLWluc2VydGVkLWludG8tcHJpdmF0ZS1wYXJ0cy9hcnRpY2xlMzM1NTE1ODUuZWNlL2FtcC8?oc=5,"Mon, 11 Jan 2021 08:00:00 GMT"
CPS accused of 'systemic illegality' in charging rape cases - The Guardian,https://news.google.com/rss/articles/CBMiZGh0dHBzOi8vd3d3LnRoZWd1YXJkaWFuLmNvbS91ay1uZXdzLzIwMjEvamFuLzI2L2Nwcy1hY2N1c2VkLW9mLXN5c3RlbWljLWlsbGVnYWxpdHktaW4tY2hhcmdpbmctY2FzZXPSAWRodHRwczovL2FtcC50aGVndWFyZGlhbi5jb20vdWstbmV3cy8yMDIxL2phbi8yNi9jcHMtYWNjdXNlZC1vZi1zeXN0ZW1pYy1pbGxlZ2FsaXR5LWluLWNoYXJnaW5nLWNhc2Vz?oc=5,"Tue, 26 Jan 2021 08:00:00 GMT"
"Taapsee Pannu, Urmila Matondkar, Pooja Bhatt slam NCW member’s victim-blaming comments about Budaun gang-rape - Hindustan Times",https://news.google.com/rss/articles/CBMitgFodHRwczovL3d3dy5oaW5kdXN0YW50aW1lcy5jb20vYm9sbHl3b29kL3RhYXBzZWUtcGFubnUtdXJtaWxhLW1hdG9uZGthci1wb29qYS1iaGF0dC1zbGFtLW5jdy1tZW1iZXItcy12aWN0aW0tYmxhbWluZy1jb21tZW50cy1hYm91dC1iYWRhdW4tZ2FuZy1yYXBlL3N0b3J5LU1sa25ibmJyOEdWMnhtTGZwUUxOZ08uaHRtbNIBugFodHRwczovL3d3dy5oaW5kdXN0YW50aW1lcy5jb20vYm9sbHl3b29kL3RhYXBzZWUtcGFubnUtdXJtaWxhLW1hdG9uZGthci1wb29qYS1iaGF0dC1zbGFtLW5jdy1tZW1iZXItcy12aWN0aW0tYmxhbWluZy1jb21tZW50cy1hYm91dC1iYWRhdW4tZ2FuZy1yYXBlL3N0b3J5LU1sa25ibmJyOEdWMnhtTGZwUUxOZ09fYW1wLmh0bWw?oc=5,"Thu, 07 Jan 2021 08:00:00 GMT"
Massive protests at Ranchi involving rape and murder of girl - Telegraph India,https://news.google.com/rss/articles/CBMicWh0dHBzOi8vd3d3LnRlbGVncmFwaGluZGlhLmNvbS9qaGFya2hhbmQvbWFzc2l2ZS1wcm90ZXN0cy1hdC1yYW5jaGktaW52b2x2aW5nLXJhcGUtYW5kLW11cmRlci1vZi1naXJsL2NpZC8xODAyNjA30gEA?oc=5,"Mon, 04 Jan 2021 08:00:00 GMT"
Raigad rape and murder case: Accused Adesh Patil sent to police custody till January 8 - The Hindu,https://news.google.com/rss/articles/CBMihAFodHRwczovL3d3dy50aGVoaW5kdS5jb20vbmV3cy9uYXRpb25hbC9yYWlnYWQtcmFwZS1hbmQtbXVyZGVyLWNhc2UtYWNjdXNlZC1zZW50LXRvLXBvbGljZS1jdXN0b2R5LXRpbGwtamFudWFyeS04L2FydGljbGUzMzQ3OTM0Ny5lY2XSAYkBaHR0cHM6Ly93d3cudGhlaGluZHUuY29tL25ld3MvbmF0aW9uYWwvcmFpZ2FkLXJhcGUtYW5kLW11cmRlci1jYXNlLWFjY3VzZWQtc2VudC10by1wb2xpY2UtY3VzdG9keS10aWxsLWphbnVhcnktOC9hcnRpY2xlMzM0NzkzNDcuZWNlL2FtcC8?oc=5,"Sat, 02 Jan 2021 08:00:00 GMT"
Woman raped inside train in Tambaram yard - The Hindu,https://news.google.com/rss/articles/CBMiamh0dHBzOi8vd3d3LnRoZWhpbmR1LmNvbS9uZXdzL2NpdGllcy9jaGVubmFpL3dvbWFuLXJhcGVkLWluc2lkZS10cmFpbi1pbi10YW1iYXJhbS15YXJkL2FydGljbGUzMzU0MjgyOC5lY2XSAW9odHRwczovL3d3dy50aGVoaW5kdS5jb20vbmV3cy9jaXRpZXMvY2hlbm5haS93b21hbi1yYXBlZC1pbnNpZGUtdHJhaW4taW4tdGFtYmFyYW0teWFyZC9hcnRpY2xlMzM1NDI4MjguZWNlL2FtcC8?oc=5,"Sun, 10 Jan 2021 08:00:00 GMT"
Gender-biased rape laws must change - Deccan Herald,https://news.google.com/rss/articles/CBMiVGh0dHBzOi8vd3d3LmRlY2NhbmhlcmFsZC5jb20vb3Bpbmlvbi9nZW5kZXItYmlhc2VkLXJhcGUtbGF3cy1tdXN0LWNoYW5nZS05NDM3MjEuaHRtbNIBYGh0dHBzOi8vd3d3LmRlY2NhbmhlcmFsZC5jb20vYW1wL3N0b3J5L29waW5pb24lMkZnZW5kZXItYmlhc2VkLXJhcGUtbGF3cy1tdXN0LWNoYW5nZS05NDM3MjEuaHRtbA?oc=5,"Tue, 26 Jan 2021 08:00:00 GMT"
"Chandigarh teen found seven months pregnant, 20-year-old held for rape - Hindustan Times",https://news.google.com/rss/articles/CBMikQFodHRwczovL3d3dy5oaW5kdXN0YW50aW1lcy5jb20vY2hhbmRpZ2FyaC9jaGFuZGlnYXJoLXRlZW4tZm91bmQtc2V2ZW4tbW9udGhzLXByZWduYW50LTIwLXllYXItb2xkLWhlbGQtZm9yLXJhcGUvc3RvcnktMEZtMUhKZm9WSjl5dXZ1WlhJdDhKTy5odG1s0gGVAWh0dHBzOi8vd3d3LmhpbmR1c3RhbnRpbWVzLmNvbS9jaGFuZGlnYXJoL2NoYW5kaWdhcmgtdGVlbi1mb3VuZC1zZXZlbi1tb250aHMtcHJlZ25hbnQtMjAteWVhci1vbGQtaGVsZC1mb3ItcmFwZS9zdG9yeS0wRm0xSEpmb1ZKOXl1dnVaWEl0OEpPX2FtcC5odG1s?oc=5,"Fri, 08 Jan 2021 08:00:00 GMT"
"Two minors who had ‘eloped’ traced to Vapi, boy booked for rape - The Indian Express",https://news.google.com/rss/articles/CBMibWh0dHBzOi8vaW5kaWFuZXhwcmVzcy5jb20vYXJ0aWNsZS9pbmRpYS90d28tbWlub3JzLXdoby1oYWQtZWxvcGVkLXRyYWNlZC10by12YXBpLWJveS1ib29rZWQtZm9yLXJhcGUtNzE0MjM4MC_SAXJodHRwczovL2luZGlhbmV4cHJlc3MuY29tL2FydGljbGUvaW5kaWEvdHdvLW1pbm9ycy13aG8taGFkLWVsb3BlZC10cmFjZWQtdG8tdmFwaS1ib3ktYm9va2VkLWZvci1yYXBlLTcxNDIzODAvbGl0ZS8?oc=5,"Mon, 11 Jan 2021 08:00:00 GMT"
LAW: WILL THE NEW LAW STOP RAPES? - Newspaper - DAWN ... - DAWN.com,https://news.google.com/rss/articles/CBMiIWh0dHBzOi8vd3d3LmRhd24uY29tL25ld3MvMTYwMDczM9IBAA?oc=5,"Sun, 10 Jan 2021 08:00:00 GMT"
"Pollachi sexual assault case | Of rape, lies and video leaks - The Hindu",https://news.google.com/rss/articles/CBMiemh0dHBzOi8vd3d3LnRoZWhpbmR1LmNvbS9uZXdzL2NpdGllcy9jaGVubmFpL3BvbGxhY2hpLXNleHVhbC1hc3NhdWx0LWNhc2Utb2YtcmFwZS1saWVzLWFuZC12aWRlby1sZWFrcy9hcnRpY2xlMzM2NDcyODUuZWNl0gF_aHR0cHM6Ly93d3cudGhlaGluZHUuY29tL25ld3MvY2l0aWVzL2NoZW5uYWkvcG9sbGFjaGktc2V4dWFsLWFzc2F1bHQtY2FzZS1vZi1yYXBlLWxpZXMtYW5kLXZpZGVvLWxlYWtzL2FydGljbGUzMzY0NzI4NS5lY2UvYW1wLw?oc=5,"Sun, 24 Jan 2021 08:00:00 GMT"
Police-CPS Joint National RASSO (Rape and Serious Sexual ... - The Crown Prosecution Service,https://news.google.com/rss/articles/CBMidGh0dHBzOi8vd3d3LmNwcy5nb3YudWsvcHVibGljYXRpb24vcG9saWNlLWNwcy1qb2ludC1uYXRpb25hbC1yYXNzby1yYXBlLWFuZC1zZXJpb3VzLXNleHVhbC1vZmZlbmNlcy1hY3Rpb24tcGxhbi0yMDIx0gEA?oc=5,"Fri, 22 Jan 2021 08:00:00 GMT"
How a new definition of rape could impact Swiss law - SWI swissinfo.ch in English,https://news.google.com/rss/articles/CBMiYmh0dHBzOi8vd3d3LnN3aXNzaW5mby5jaC9lbmcvcG9saXRpY3MvaG93LWEtbmV3LWRlZmluaXRpb24tb2YtcmFwZS1jb3VsZC1pbXBhY3Qtc3dpc3MtbGF3LzQ2MjY4ODMw0gEA?oc=5,"Tue, 12 Jan 2021 08:00:00 GMT"
"In ruling on rape, B.C. judge pleads for action to protect Indigenous girls from 'horrible crimes' - CBC.ca",https://news.google.com/rss/articles/CBMiY2h0dHBzOi8vd3d3LmNiYy5jYS9uZXdzL2NhbmFkYS9icml0aXNoLWNvbHVtYmlhL2JjLXNleHVhbC1hc3NhdWx0LXJ1bGluZy1pbmRpZ2Vub3VzLWdpcmxzLTEuNTg4NTE3MNIBIGh0dHBzOi8vd3d3LmNiYy5jYS9hbXAvMS41ODg1MTcw?oc=5,"Tue, 26 Jan 2021 08:00:00 GMT"
"13-year-old girl gang-raped in Maharashtra's Nashik, 7 arrested - India Today",https://news.google.com/rss/articles/CBMiYGh0dHBzOi8vd3d3LmluZGlhdG9kYXkuaW4vY3JpbWUvc3RvcnkvZ2FuZy1yYXBlLW1haGFyYXNodHJhLW5hc2hpay1taW5vci1yYXBlLTE3NTc4MzctMjAyMS0wMS0xMdIBZGh0dHBzOi8vd3d3LmluZGlhdG9kYXkuaW4vYW1wL2NyaW1lL3N0b3J5L2dhbmctcmFwZS1tYWhhcmFzaHRyYS1uYXNoaWstbWlub3ItcmFwZS0xNzU3ODM3LTIwMjEtMDEtMTE?oc=5,"Mon, 11 Jan 2021 08:00:00 GMT"
"SHO, outpost incharge booked for not filing FIR in Budaun ‘gang rape & murder’ case - ThePrint",https://news.google.com/rss/articles/CBMicGh0dHBzOi8vdGhlcHJpbnQuaW4vaW5kaWEvc2hvLW91dHBvc3QtaW5jaGFyZ2UtYm9va2VkLWZvci1ub3QtZmlsaW5nLWZpci1pbi1idWRhdW4tZ2FuZy1yYXBlLW11cmRlci1jYXNlLzU4MjcwMC_SAXRodHRwczovL3RoZXByaW50LmluL2luZGlhL3Noby1vdXRwb3N0LWluY2hhcmdlLWJvb2tlZC1mb3Itbm90LWZpbGluZy1maXItaW4tYnVkYXVuLWdhbmctcmFwZS1tdXJkZXItY2FzZS81ODI3MDAvP2FtcA?oc=5,"Sat, 09 Jan 2021 08:00:00 GMT"
Dhananjay Munde Accused Of Rape Maharashtra Minister Refutes Allegations Saying 'Attempt To Blackmail' - ABP Live,https://news.google.com/rss/articles/CBMiigFodHRwczovL25ld3MuYWJwbGl2ZS5jb20vbmV3cy9kaGFuYW5qYXktbXVuZGUtYWNjdXNlZC1vZi1yYXBlLW1haGFyYXNodHJhLW1pbmlzdGVyLXJlZnV0ZXMtYWxsZWdhdGlvbnMtc2F5aW5nLWF0dGVtcHQtdG8tYmxhY2ttYWlsLTE0MzY3NDTSAY4BaHR0cHM6Ly9uZXdzLmFicGxpdmUuY29tL25ld3MvZGhhbmFuamF5LW11bmRlLWFjY3VzZWQtb2YtcmFwZS1tYWhhcmFzaHRyYS1taW5pc3Rlci1yZWZ1dGVzLWFsbGVnYXRpb25zLXNheWluZy1hdHRlbXB0LXRvLWJsYWNrbWFpbC0xNDM2NzQ0L2FtcA?oc=5,"Wed, 13 Jan 2021 08:00:00 GMT"
19-year old girl kills man who tried to rape her - The Hindu,https://news.google.com/rss/articles/CBMidmh0dHBzOi8vd3d3LnRoZWhpbmR1LmNvbS9uZXdzL25hdGlvbmFsL3RhbWlsLW5hZHUvMTkteWVhci1vbGQtZ2lybC1raWxscy1tYW4td2hvLXRyaWVkLXRvLXJhcGUtaGVyL2FydGljbGUzMzQ4NTYxMi5lY2XSAXtodHRwczovL3d3dy50aGVoaW5kdS5jb20vbmV3cy9uYXRpb25hbC90YW1pbC1uYWR1LzE5LXllYXItb2xkLWdpcmwta2lsbHMtbWFuLXdoby10cmllZC10by1yYXBlLWhlci9hcnRpY2xlMzM0ODU2MTIuZWNlL2FtcC8?oc=5,"Mon, 04 Jan 2021 08:00:00 GMT"
How rape victims go through a 'second trauma' - DW (English),https://news.google.com/rss/articles/CBMiZGh0dHBzOi8vd3d3LmR3LmNvbS9lbi9wYWtpc3Rhbi12aXJnaW5pdHktdGVzdC1ob3ctcmFwZS12aWN0aW1zLWdvLXRocm91Z2gtYS1zZWNvbmQtdHJhdW1hL2EtNTYxNDQ5MTjSAWRodHRwczovL2FtcC5kdy5jb20vZW4vcGFraXN0YW4tdmlyZ2luaXR5LXRlc3QtaG93LXJhcGUtdmljdGltcy1nby10aHJvdWdoLWEtc2Vjb25kLXRyYXVtYS9hLTU2MTQ0OTE4?oc=5,"Wed, 06 Jan 2021 08:00:00 GMT"
'Choose - I kill you or rape you': abuse accusations surge in ... - Reuters,https://news.google.com/rss/articles/CBMiR2h0dHBzOi8vd3d3LnJldXRlcnMuY29tL2FydGljbGUvdWstZXRoaW9waWEtY29uZmxpY3QtcmFwZS1pZFVTS0JOMjlTMEJH0gEA?oc=5,"Sat, 23 Jan 2021 08:00:00 GMT"
Three rape cases registered in Chandigarh - The Tribune India,https://news.google.com/rss/articles/CBMiXWh0dHBzOi8vd3d3LnRyaWJ1bmVpbmRpYS5jb20vbmV3cy9jaGFuZGlnYXJoL3RocmVlLXJhcGUtY2FzZXMtcmVnaXN0ZXJlZC1pbi1jaGFuZGlnYXJoLTE5NTM1MNIBW2h0dHBzOi8vbS50cmlidW5laW5kaWEuY29tL25ld3MvY2hhbmRpZ2FyaC90aHJlZS1yYXBlLWNhc2VzLXJlZ2lzdGVyZWQtaW4tY2hhbmRpZ2FyaC0xOTUzNTA?oc=5,"Fri, 08 Jan 2021 08:00:00 GMT"
'Matter must be probed’: Sharad Pawar on woman who accused NCP minister of rape - Hindustan Times,https://news.google.com/rss/articles/CBMikwFodHRwczovL3d3dy5oaW5kdXN0YW50aW1lcy5jb20vY2l0aWVzL211bWJhaS1uZXdzL21hdHRlci1tdXN0LWJlLXByb2JlZC1zaGFyYWQtcGF3YXItb24td29tYW4td2hvLWFjY3VzZWQtbmNwLW1pbmlzdGVyLW9mLXJhcGUtMTAxNjEwNzA3NzYwNTg1Lmh0bWzSAZcBaHR0cHM6Ly93d3cuaGluZHVzdGFudGltZXMuY29tL2NpdGllcy9tdW1iYWktbmV3cy9tYXR0ZXItbXVzdC1iZS1wcm9iZWQtc2hhcmFkLXBhd2FyLW9uLXdvbWFuLXdoby1hY2N1c2VkLW5jcC1taW5pc3Rlci1vZi1yYXBlLTEwMTYxMDcwNzc2MDU4NS1hbXAuaHRtbA?oc=5,"Fri, 15 Jan 2021 08:00:00 GMT"
Lawrence Jones: Former UKFast boss charged with rape - BBC,https://news.google.com/rss/articles/CBMiN2h0dHBzOi8vd3d3LmJiYy5jb20vbmV3cy91ay1lbmdsYW5kLW1hbmNoZXN0ZXItNTU1NDQzNjLSATtodHRwczovL3d3dy5iYmMuY29tL25ld3MvdWstZW5nbGFuZC1tYW5jaGVzdGVyLTU1NTQ0MzYyLmFtcA?oc=5,"Tue, 05 Jan 2021 08:00:00 GMT"
Nine Rape Cases Which Show How Dangerous And Unsafe UP Is For Women - Indiatimes.com,https://news.google.com/rss/articles/CBMidWh0dHBzOi8vd3d3LmluZGlhdGltZXMuY29tL25ld3MvaW5kaWEvbmluZS1yYXBlLWNhc2VzLXdoaWNoLXNob3ctaG93LWRhbmdlcm91cy1hbmQtdW5zYWZlLXVwLWlzLWZvci13b21lbi01MzI0ODIuaHRtbNIBeWh0dHBzOi8vd3d3LmluZGlhdGltZXMuY29tL2FtcC9uZXdzL2luZGlhL25pbmUtcmFwZS1jYXNlcy13aGljaC1zaG93LWhvdy1kYW5nZXJvdXMtYW5kLXVuc2FmZS11cC1pcy1mb3Itd29tZW4tNTMyNDgyLmh0bWw?oc=5,"Thu, 21 Jan 2021 08:00:00 GMT"
"After Alleged Rape By Colleague, Police Constable In UP Attempts Taking Her Own Life - Indiatimes.com",https://news.google.com/rss/articles/CBMiYGh0dHBzOi8vd3d3LmluZGlhdGltZXMuY29tL25ld3MvaW5kaWEvdXAtY29uc3RhYmxlLWFsbGVnZWQtcmFwZS1jYXNlLXN1aWNpZGUtYXR0ZW1wdC01MzMwMDAuaHRtbNIBZGh0dHBzOi8vd3d3LmluZGlhdGltZXMuY29tL2FtcC9uZXdzL2luZGlhL3VwLWNvbnN0YWJsZS1hbGxlZ2VkLXJhcGUtY2FzZS1zdWljaWRlLWF0dGVtcHQtNTMzMDAwLmh0bWw?oc=5,"Thu, 28 Jan 2021 08:00:00 GMT"
"Conor McGregor, a U.F.C. Fighter, Sued in Ireland over Rape ... - The New York Times",https://news.google.com/rss/articles/CBMiSWh0dHBzOi8vd3d3Lm55dGltZXMuY29tLzIwMjEvMDEvMTkvc3BvcnRzL2Nvbm9yLW1jZ3JlZ29yLWxhd3N1aXQtdWZjLmh0bWzSAQA?oc=5,"Wed, 20 Jan 2021 08:00:00 GMT"
"Man attempts to rape minor in Jharkhand's Ramgarh; thrashed, arrested - India Today",https://news.google.com/rss/articles/CBMid2h0dHBzOi8vd3d3LmluZGlhdG9kYXkuaW4vY3JpbWUvc3RvcnkvbWFuLWF0dGVtcHRzLXRvLXJhcGUtbWlub3ItamhhcmtoYW5kLXJhbWdhcmgtdGhyYXNoZWQtYXJyZXN0ZWQtMTc1OTI1My0yMDIxLTAxLTE10gF7aHR0cHM6Ly93d3cuaW5kaWF0b2RheS5pbi9hbXAvY3JpbWUvc3RvcnkvbWFuLWF0dGVtcHRzLXRvLXJhcGUtbWlub3ItamhhcmtoYW5kLXJhbWdhcmgtdGhyYXNoZWQtYXJyZXN0ZWQtMTc1OTI1My0yMDIxLTAxLTE1?oc=5,"Fri, 15 Jan 2021 08:00:00 GMT"
CPS denies major change in rape charging policy despite falling rates - The Guardian,https://news.google.com/rss/articles/CBMidWh0dHBzOi8vd3d3LnRoZWd1YXJkaWFuLmNvbS9zb2NpZXR5LzIwMjEvamFuLzI3L2Nwcy1kZW5pZXMtbWFqb3ItY2hhbmdlLWluLWNoYXJnaW5nLXBvbGljeS1kZXNwaXRlLWZhbGxpbmctcmF0ZXMtcmFwZdIBdWh0dHBzOi8vYW1wLnRoZWd1YXJkaWFuLmNvbS9zb2NpZXR5LzIwMjEvamFuLzI3L2Nwcy1kZW5pZXMtbWFqb3ItY2hhbmdlLWluLWNoYXJnaW5nLXBvbGljeS1kZXNwaXRlLWZhbGxpbmctcmF0ZXMtcmFwZQ?oc=5,"Wed, 27 Jan 2021 08:00:00 GMT"
"Bihar: Unidentified men allegedly rape, try to blind a 17-year-old girl - Hindustan Times",https://news.google.com/rss/articles/CBMie2h0dHBzOi8vd3d3LmhpbmR1c3RhbnRpbWVzLmNvbS9pbmRpYS1uZXdzL3VuaWRlbnRpZmllZC1tZW4tcmFwZS10cnktdG8tYmxpbmQtYS0xNy15ci1vbGQtZ2lybC1pbi1iaWhhci0xMDE2MTA1MTA2MDEyMjkuaHRtbNIBf2h0dHBzOi8vd3d3LmhpbmR1c3RhbnRpbWVzLmNvbS9pbmRpYS1uZXdzL3VuaWRlbnRpZmllZC1tZW4tcmFwZS10cnktdG8tYmxpbmQtYS0xNy15ci1vbGQtZ2lybC1pbi1iaWhhci0xMDE2MTA1MTA2MDEyMjktYW1wLmh0bWw?oc=5,"Wed, 13 Jan 2021 08:00:00 GMT"
Rape Accused In Mumbai Gets Bail After He Offers To Marry Survivor Once She Turns 18 - Indiatimes.com,https://news.google.com/rss/articles/CBMihgFodHRwczovL3d3dy5pbmRpYXRpbWVzLmNvbS9uZXdzL2luZGlhL3JhcGUtYWNjdXNlZC1pbi1tdW1iYWktZ2V0cy1iYWlsLWFmdGVyLWhlLW9mZmVycy10by1tYXJyeS1zdXJ2aXZvci1vbmNlLXNoZS10dXJucy0xOC01MzMwOTkuaHRtbNIBigFodHRwczovL3d3dy5pbmRpYXRpbWVzLmNvbS9hbXAvbmV3cy9pbmRpYS9yYXBlLWFjY3VzZWQtaW4tbXVtYmFpLWdldHMtYmFpbC1hZnRlci1oZS1vZmZlcnMtdG8tbWFycnktc3Vydml2b3Itb25jZS1zaGUtdHVybnMtMTgtNTMzMDk5Lmh0bWw?oc=5,"Fri, 29 Jan 2021 08:00:00 GMT"
Uttarakhand HC stays DNA test of BJP MLA accused of rape till Jan 13 - Hindustan Times,https://news.google.com/rss/articles/CBMigwFodHRwczovL3d3dy5oaW5kdXN0YW50aW1lcy5jb20vaW5kaWEtbmV3cy91dHRhcmFraGFuZC1oYy1zdGF5cy1kbmEtdGVzdC1vZi1ianAtbWxhLWFjY3VzZWQtb2YtcmFwZS10aWxsLWphbi0xMy0xMDE2MTAzODQ3OTk0MDUuaHRtbNIBhwFodHRwczovL3d3dy5oaW5kdXN0YW50aW1lcy5jb20vaW5kaWEtbmV3cy91dHRhcmFraGFuZC1oYy1zdGF5cy1kbmEtdGVzdC1vZi1ianAtbWxhLWFjY3VzZWQtb2YtcmFwZS10aWxsLWphbi0xMy0xMDE2MTAzODQ3OTk0MDUtYW1wLmh0bWw?oc=5,"Mon, 11 Jan 2021 08:00:00 GMT"
"19-Year-Old UP Girl Ends Life After Two Men Rape Her, Film The Act To Blackmail Her - Outlook India",https://news.google.com/rss/articles/CBMijwFodHRwczovL3d3dy5vdXRsb29raW5kaWEuY29tL3dlYnNpdGUvc3RvcnkvaW5kaWEtbmV3cy0xOS15ZWFyLW9sZC11cC1naXJsLWVuZHMtbGlmZS1hZnRlci10d28tbWVuLXJhcGUtaGVyLWZpbG0tdGhlLWFjdC10by1ibGFja21haWwtaGVyLzM2OTQ4NtIBkwFodHRwczovL3d3dy5vdXRsb29raW5kaWEuY29tL3dlYnNpdGUvc3RvcnkvaW5kaWEtbmV3cy0xOS15ZWFyLW9sZC11cC1naXJsLWVuZHMtbGlmZS1hZnRlci10d28tbWVuLXJhcGUtaGVyLWZpbG0tdGhlLWFjdC10by1ibGFja21haWwtaGVyLzM2OTQ4Ni9hbXA?oc=5,"Tue, 05 Jan 2021 08:00:00 GMT"
"Migrant worker from Jharkhand held for rape, murder of 7-year-old girl - The Indian Express",https://news.google.com/rss/articles/CBMidmh0dHBzOi8vaW5kaWFuZXhwcmVzcy5jb20vYXJ0aWNsZS9pbmRpYS9taWdyYW50LXdvcmtlci1mcm9tLWpoYXJraGFuZC1oZWxkLWZvci1yYXBlLW11cmRlci1vZi03LXllYXItb2xkLWdpcmwtNzE2MDIyMi_SAXtodHRwczovL2luZGlhbmV4cHJlc3MuY29tL2FydGljbGUvaW5kaWEvbWlncmFudC13b3JrZXItZnJvbS1qaGFya2hhbmQtaGVsZC1mb3ItcmFwZS1tdXJkZXItb2YtNy15ZWFyLW9sZC1naXJsLTcxNjAyMjIvbGl0ZS8?oc=5,"Sun, 24 Jan 2021 08:00:00 GMT"
‘DO NOT GET RAPED’ Instead Of ‘DO NOT RAPE’: When Will India Stop Shaming Survivors? - Youth Ki Awaaz,https://news.google.com/rss/articles/CBMid2h0dHBzOi8vd3d3LnlvdXRoa2lhd2Fhei5jb20vMjAyMS8wMS9ibGFtaW5nLWFuZC1zaGFtaW5nLWhvdy1tYWpvcml0YXJpYW4tc29jaWV0aWVzLXBlcmNlaXZlLXZpY3RpbXMtb2Ytc2V4dWFsLWFzc2F1bHQv0gF7aHR0cHM6Ly93d3cueW91dGhraWF3YWF6LmNvbS8yMDIxLzAxL2JsYW1pbmctYW5kLXNoYW1pbmctaG93LW1ham9yaXRhcmlhbi1zb2NpZXRpZXMtcGVyY2VpdmUtdmljdGltcy1vZi1zZXh1YWwtYXNzYXVsdC9hbXAv?oc=5,"Wed, 13 Jan 2021 08:00:00 GMT"
"We got only half justice, says Kathua gang-rape victim's father - The New Indian Express",https://news.google.com/rss/articles/CBMiiQFodHRwczovL3d3dy5uZXdpbmRpYW5leHByZXNzLmNvbS90aGVzdW5kYXlzdGFuZGFyZC8yMDIxL2phbi8xMC93ZS1nb3Qtb25seS1oYWxmLWp1c3RpY2Utc2F5cy1rYXRodWEtZ2FuZy1yYXBlLXZpY3RpbXMtZmF0aGVyLTIyNDc5MjQuaHRtbNIBiAFodHRwczovL3d3dy5uZXdpbmRpYW5leHByZXNzLmNvbS90aGVzdW5kYXlzdGFuZGFyZC8yMDIxL2phbi8xMC93ZS1nb3Qtb25seS1oYWxmLWp1c3RpY2Utc2F5cy1rYXRodWEtZ2FuZy1yYXBlLXZpY3RpbXMtZmF0aGVyLTIyNDc5MjQuYW1w?oc=5,"Sun, 10 Jan 2021 08:00:00 GMT"
French film director Besson to be treated as ‘assisted witness’ in rape case - FRANCE 24 English,https://news.google.com/rss/articles/CBMidmh0dHBzOi8vd3d3LmZyYW5jZTI0LmNvbS9lbi9mcmFuY2UvMjAyMTAxMjYtZnJlbmNoLWZpbG0tZGlyZWN0b3ItYmVzc29uLXRvLWJlLXRyZWF0ZWQtYXMtYXNzaXN0ZWQtd2l0bmVzcy1pbi1yYXBlLWNhc2XSAXZodHRwczovL2FtcC5mcmFuY2UyNC5jb20vZW4vZnJhbmNlLzIwMjEwMTI2LWZyZW5jaC1maWxtLWRpcmVjdG9yLWJlc3Nvbi10by1iZS10cmVhdGVkLWFzLWFzc2lzdGVkLXdpdG5lc3MtaW4tcmFwZS1jYXNl?oc=5,"Tue, 26 Jan 2021 08:00:00 GMT"
Pune: Woman files rape complaint against man she met on dating app - The Indian Express,https://news.google.com/rss/articles/CBMieGh0dHBzOi8vaW5kaWFuZXhwcmVzcy5jb20vYXJ0aWNsZS9jaXRpZXMvcHVuZS9wdW5lLXdvbWFuLWZpbGVzLXJhcGUtY29tcGxhaW50LWFnYWluc3QtbWFuLXNoZS1tZXQtb24tZGF0aW5nLWFwcC03MTQxMTQzL9IBfWh0dHBzOi8vaW5kaWFuZXhwcmVzcy5jb20vYXJ0aWNsZS9jaXRpZXMvcHVuZS9wdW5lLXdvbWFuLWZpbGVzLXJhcGUtY29tcGxhaW50LWFnYWluc3QtbWFuLXNoZS1tZXQtb24tZGF0aW5nLWFwcC03MTQxMTQzL2xpdGUv?oc=5,"Mon, 11 Jan 2021 08:00:00 GMT"
TV Actress Accuses Pilot Of Rape On Pretext Of Marriage - ABP Live,https://news.google.com/rss/articles/CBMiZmh0dHBzOi8vbmV3cy5hYnBsaXZlLmNvbS9lbnRlcnRhaW5tZW50L3R2LWFjdHJlc3MtYWNjdXNlcy1waWxvdC1vZi1yYXBlLW9uLXByZXRleHQtb2YtbWFycmlhZ2UtMTQzOTkzMtIBamh0dHBzOi8vbmV3cy5hYnBsaXZlLmNvbS9lbnRlcnRhaW5tZW50L3R2LWFjdHJlc3MtYWNjdXNlcy1waWxvdC1vZi1yYXBlLW9uLXByZXRleHQtb2YtbWFycmlhZ2UtMTQzOTkzMi9hbXA?oc=5,"Mon, 18 Jan 2021 08:00:00 GMT"
"Kerala High Court Orders Retrial In Rape, Death Case Of 2 Minor Sisters - NDTV",https://news.google.com/rss/articles/CBMifGh0dHBzOi8vd3d3Lm5kdHYuY29tL2tlcmFsYS1uZXdzL3dhbGF5YXItY2FzZS1rZXJhbGEtaGlnaC1jb3VydC1vcmRlcnMtcmV0cmlhbC1pbi1yYXBlLWRlYXRoLWNhc2Utb2YtMi1taW5vci1zaXN0ZXJzLTIzNDg1MjDSAYIBaHR0cHM6Ly93d3cubmR0di5jb20va2VyYWxhLW5ld3Mvd2FsYXlhci1jYXNlLWtlcmFsYS1oaWdoLWNvdXJ0LW9yZGVycy1yZXRyaWFsLWluLXJhcGUtZGVhdGgtY2FzZS1vZi0yLW1pbm9yLXNpc3RlcnMtMjM0ODUyMC9hbXAvMQ?oc=5,"Wed, 06 Jan 2021 08:00:00 GMT"
Sharad Pawar: No action against Dhananjay Munde until rape charges proven - Mumbai Mirror,https://news.google.com/rss/articles/CBMikgFodHRwczovL211bWJhaW1pcnJvci5pbmRpYXRpbWVzLmNvbS9tdW1iYWkvb3RoZXIvc2hhcmFkLXBhd2FyLW5vLWFjdGlvbi1hZ2FpbnN0LWRoYW5hbmpheS1tdW5kZS11bnRpbC1yYXBlLWNoYXJnZXMtcHJvdmVuL2FydGljbGVzaG93LzgwMzcwMDIyLmNtc9IBlgFodHRwczovL211bWJhaW1pcnJvci5pbmRpYXRpbWVzLmNvbS9tdW1iYWkvb3RoZXIvc2hhcmFkLXBhd2FyLW5vLWFjdGlvbi1hZ2FpbnN0LWRoYW5hbmpheS1tdW5kZS11bnRpbC1yYXBlLWNoYXJnZXMtcHJvdmVuL2FtcF9hcnRpY2xlc2hvdy84MDM3MDAyMi5jbXM?oc=5,"Wed, 20 Jan 2021 08:00:00 GMT"
"‘It’s Shameful’: Women’s Groups Slam Yogi Govt over Badaun Rape-Murder Case, Demand Arrest of Accused Priest - NewsClick",https://news.google.com/rss/articles/CBMidWh0dHBzOi8vd3d3Lm5ld3NjbGljay5pbi9pdC1zaGFtZWZ1bC13b21lbi1ncm91cHMtc2xhbS15b2dpLWdvdnQtYmFkdWFuLXJhcGUtbXVyZGVyLWNhc2UtZGVtYW5kLWFycmVzdC1hY2N1c2VkLXByaWVzdNIBeWh0dHBzOi8vd3d3Lm5ld3NjbGljay5pbi9pdC1zaGFtZWZ1bC13b21lbi1ncm91cHMtc2xhbS15b2dpLWdvdnQtYmFkdWFuLXJhcGUtbXVyZGVyLWNhc2UtZGVtYW5kLWFycmVzdC1hY2N1c2VkLXByaWVzdD9hbXA?oc=5,"Thu, 07 Jan 2021 08:00:00 GMT"
"Register FIR against woman who lodged false gang-rape complaint, orders Court - Mumbai Mirror",https://news.google.com/rss/articles/CBMia2h0dHBzOi8vbXVtYmFpbWlycm9yLmluZGlhdGltZXMuY29tL211bWJhaS9jcmltZS93b21hbi1ib29rZWQtZm9yLWZha2luZy1nYW5nLXJhcGUvYXJ0aWNsZXNob3cvODAxOTM1NDUuY21z0gFvaHR0cHM6Ly9tdW1iYWltaXJyb3IuaW5kaWF0aW1lcy5jb20vbXVtYmFpL2NyaW1lL3dvbWFuLWJvb2tlZC1mb3ItZmFraW5nLWdhbmctcmFwZS9hbXBfYXJ0aWNsZXNob3cvODAxOTM1NDUuY21z?oc=5,"Sun, 10 Jan 2021 08:00:00 GMT"
The Good Girls: New book revisits 2014 Badaun rape-murder case - The Indian Express,https://news.google.com/rss/articles/CBMifWh0dHBzOi8vaW5kaWFuZXhwcmVzcy5jb20vYXJ0aWNsZS9ib29rcy1hbmQtbGl0ZXJhdHVyZS90aGUtZ29vZC1naXJscy1uZXctYm9vay1yZXZpc2l0cy0yMDE0LWJhZGF1bi1yYXBlLW11cmRlci1jYXNlLTcxNDM2OTcv0gGCAWh0dHBzOi8vaW5kaWFuZXhwcmVzcy5jb20vYXJ0aWNsZS9ib29rcy1hbmQtbGl0ZXJhdHVyZS90aGUtZ29vZC1naXJscy1uZXctYm9vay1yZXZpc2l0cy0yMDE0LWJhZGF1bi1yYXBlLW11cmRlci1jYXNlLTcxNDM2OTcvbGl0ZS8?oc=5,"Tue, 12 Jan 2021 08:00:00 GMT"
Woman who filed a rape complaint against NCP youth president Mehboob Shaikh goes missing: Reports - OpIndia,https://news.google.com/rss/articles/CBMiVWh0dHBzOi8vd3d3Lm9waW5kaWEuY29tLzIwMjEvMDEvbWVoYm9vYi1zaGFpa2gtbmNwLXJhcGUtd29tYW4tY29tcGxhaW50LWdvZXMtbWlzc2luZy_SAVlodHRwczovL3d3dy5vcGluZGlhLmNvbS8yMDIxLzAxL21laGJvb2Itc2hhaWtoLW5jcC1yYXBlLXdvbWFuLWNvbXBsYWludC1nb2VzLW1pc3NpbmcvYW1wLw?oc=5,"Tue, 05 Jan 2021 08:00:00 GMT"
"NYC rape suspect choked his ex and beat up his father, cops and court docs say - New York Post",https://news.google.com/rss/articles/CBMiWWh0dHBzOi8vbnlwb3N0LmNvbS8yMDIxLzAxLzAzL255Yy1yYXBlLXN1c3BlY3Qtb25jZS1jaG9rZWQtaGlzLWV4LWFuZC1iZWF0LXVwLWhpcy1mYXRoZXIv0gFdaHR0cHM6Ly9ueXBvc3QuY29tLzIwMjEvMDEvMDMvbnljLXJhcGUtc3VzcGVjdC1vbmNlLWNob2tlZC1oaXMtZXgtYW5kLWJlYXQtdXAtaGlzLWZhdGhlci9hbXAv?oc=5,"Sun, 03 Jan 2021 08:00:00 GMT"
Bengaluru: Man arrested on charges of raping 71-year-old neighbour - The Indian Express,https://news.google.com/rss/articles/CBMifWh0dHBzOi8vaW5kaWFuZXhwcmVzcy5jb20vYXJ0aWNsZS9jaXRpZXMvYmFuZ2Fsb3JlL2JlbmdhbHVydS1tYW4tYXJyZXN0ZWQtb24tY2hhcmdlcy1vZi1yYXBpbmctNzEteWVhci1vbGQtbmVpZ2hib3VyLTcxMzQwMDQv0gGCAWh0dHBzOi8vaW5kaWFuZXhwcmVzcy5jb20vYXJ0aWNsZS9jaXRpZXMvYmFuZ2Fsb3JlL2JlbmdhbHVydS1tYW4tYXJyZXN0ZWQtb24tY2hhcmdlcy1vZi1yYXBpbmctNzEteWVhci1vbGQtbmVpZ2hib3VyLTcxMzQwMDQvbGl0ZS8?oc=5,"Wed, 06 Jan 2021 08:00:00 GMT"
Grime artist who raped four women has jail sentence increased - The Guardian,https://news.google.com/rss/articles/CBMicWh0dHBzOi8vd3d3LnRoZWd1YXJkaWFuLmNvbS91ay1uZXdzLzIwMjEvamFuLzE1L2dyaW1lLWFydGlzdC1yYXBlZC1mb3VyLXdvbWVuLWphaWwtc2VudGVuY2UtaW5jcmVhc2VkLWFuZHktYW5va3ll0gFxaHR0cHM6Ly9hbXAudGhlZ3VhcmRpYW4uY29tL3VrLW5ld3MvMjAyMS9qYW4vMTUvZ3JpbWUtYXJ0aXN0LXJhcGVkLWZvdXItd29tZW4tamFpbC1zZW50ZW5jZS1pbmNyZWFzZWQtYW5keS1hbm9reWU?oc=5,"Fri, 15 Jan 2021 08:00:00 GMT"
"Juvenile Justice Board discharges boy of rape charge, citing he was less than 7 yrs old - The Indian Express",https://news.google.com/rss/articles/CBMiigFodHRwczovL2luZGlhbmV4cHJlc3MuY29tL2FydGljbGUvaW5kaWEvdXAtanV2ZW5pbGUtanVzdGljZS1ib2FyZC1kaXNjaGFyZ2VzLWJveS1vZi1yYXBlLWNoYXJnZS1jaXRpbmctaGUtd2FzLWxlc3MtdGhhbi03LXlycy1vbGQtNzE0MDExMC_SAY8BaHR0cHM6Ly9pbmRpYW5leHByZXNzLmNvbS9hcnRpY2xlL2luZGlhL3VwLWp1dmVuaWxlLWp1c3RpY2UtYm9hcmQtZGlzY2hhcmdlcy1ib3ktb2YtcmFwZS1jaGFyZ2UtY2l0aW5nLWhlLXdhcy1sZXNzLXRoYW4tNy15cnMtb2xkLTcxNDAxMTAvbGl0ZS8?oc=5,"Sun, 10 Jan 2021 08:00:00 GMT"
Man charged with raping neighbor in her University District house - The Seattle Times,https://news.google.com/rss/articles/CBMieGh0dHBzOi8vd3d3LnNlYXR0bGV0aW1lcy5jb20vc2VhdHRsZS1uZXdzL2xhdy1qdXN0aWNlL21hbi1jaGFyZ2VkLXdpdGgtcmFwaW5nLW5laWdoYm9yLWluLWhlci11bml2ZXJzaXR5LWRpc3RyaWN0LWhvdXNlL9IBfmh0dHBzOi8vd3d3LnNlYXR0bGV0aW1lcy5jb20vc2VhdHRsZS1uZXdzL2xhdy1qdXN0aWNlL21hbi1jaGFyZ2VkLXdpdGgtcmFwaW5nLW5laWdoYm9yLWluLWhlci11bml2ZXJzaXR5LWRpc3RyaWN0LWhvdXNlLz9hbXA9MQ?oc=5,"Sat, 30 Jan 2021 08:00:00 GMT"
US blogger Cynthia Ritchie withdraws petition seeking rape FIR ... - DAWN.com,https://news.google.com/rss/articles/CBMiIWh0dHBzOi8vd3d3LmRhd24uY29tL25ld3MvMTYwMTQ1NtIBAA?oc=5,"Thu, 14 Jan 2021 08:00:00 GMT"
Justice call in Assam rape and murder case - Telegraph India,https://news.google.com/rss/articles/CBMiYGh0dHBzOi8vd3d3LnRlbGVncmFwaGluZGlhLmNvbS9ub3J0aC1lYXN0L2p1c3RpY2UtY2FsbC1pbi1hc3NhbS1yYXBlLWFuZC1tdXJkZXItY2FzZS9jaWQvMTgwMzEyNdIBZGh0dHBzOi8vd3d3LnRlbGVncmFwaGluZGlhLmNvbS9hbXAvbm9ydGgtZWFzdC9qdXN0aWNlLWNhbGwtaW4tYXNzYW0tcmFwZS1hbmQtbXVyZGVyLWNhc2UvY2lkLzE4MDMxMjU?oc=5,"Sat, 09 Jan 2021 08:00:00 GMT"
"ICYMI: Why rape victims shouldn’t rush into marriage – Ijayekunle, anti-rape activist - Punch Newspapers",https://news.google.com/rss/articles/CBMiX2h0dHBzOi8vcHVuY2huZy5jb20vd2h5LXJhcGUtdmljdGltcy1zaG91bGRudC1ydXNoLWludG8tbWFycmlhZ2UtaWpheWVrdW5sZS1hbnRpLXJhcGUtYWN0aXZpc3Qv0gFjaHR0cHM6Ly9wdW5jaG5nLmNvbS93aHktcmFwZS12aWN0aW1zLXNob3VsZG50LXJ1c2gtaW50by1tYXJyaWFnZS1pamF5ZWt1bmxlLWFudGktcmFwZS1hY3RpdmlzdC8_YW1w?oc=5,"Sun, 17 Jan 2021 08:00:00 GMT"
Derek Seekings: Police sergeant jailed for rape during break - BBC,https://news.google.com/rss/articles/CBMiLGh0dHBzOi8vd3d3LmJiYy5jb20vbmV3cy91ay1lbmdsYW5kLTU1NjQ5OTM00gEwaHR0cHM6Ly93d3cuYmJjLmNvbS9uZXdzL3VrLWVuZ2xhbmQtNTU2NDk5MzQuYW1w?oc=5,"Wed, 13 Jan 2021 08:00:00 GMT"
"9 suspects arrested after rape, murder of minor girl in Khairpur - DAWN.com",https://news.google.com/rss/articles/CBMiIWh0dHBzOi8vd3d3LmRhd24uY29tL25ld3MvMTYwMTEyM9IBAA?oc=5,"Tue, 12 Jan 2021 08:00:00 GMT"
How ’emancipatory sex-ed’ can help prevent rape - Maclean's,https://news.google.com/rss/articles/CBMiTGh0dHBzOi8vbWFjbGVhbnMuY2EvZWR1Y2F0aW9uL2hvdy1lbWFuY2lwYXRvcnktc2V4LWVkLWNhbi1oZWxwLXByZXZlbnQtcmFwZS_SAVBodHRwczovL21hY2xlYW5zLmNhL2VkdWNhdGlvbi9ob3ctZW1hbmNpcGF0b3J5LXNleC1lZC1jYW4taGVscC1wcmV2ZW50LXJhcGUvYW1wLw?oc=5,"Thu, 14 Jan 2021 08:00:00 GMT"
Woman raped twice inside moving bus in Maharashtra's Washim - Mumbai Mirror,https://news.google.com/rss/articles/CBMihAFodHRwczovL211bWJhaW1pcnJvci5pbmRpYXRpbWVzLmNvbS9tdW1iYWkvY3JpbWUvd29tYW4tcmFwZWQtdHdpY2UtaW5zaWRlLW1vdmluZy1idXMtaW4tbWFoYXJhc2h0cmFzLXdhc2hpbS9hcnRpY2xlc2hvdy84MDIyNTA3NC5jbXPSAYgBaHR0cHM6Ly9tdW1iYWltaXJyb3IuaW5kaWF0aW1lcy5jb20vbXVtYmFpL2NyaW1lL3dvbWFuLXJhcGVkLXR3aWNlLWluc2lkZS1tb3ZpbmctYnVzLWluLW1haGFyYXNodHJhcy13YXNoaW0vYW1wX2FydGljbGVzaG93LzgwMjI1MDc0LmNtcw?oc=5,"Tue, 12 Jan 2021 08:00:00 GMT"
Pune: Woman Returning From Work Kidnapped And Raped In Kharadi - Punekar News,https://news.google.com/rss/articles/CBMiWWh0dHBzOi8vd3d3LnB1bmVrYXJuZXdzLmluL3B1bmUtd29tYW4tcmV0dXJuaW5nLWZyb20td29yay1raWRuYXBwZWQtYW5kLXJhcGVkLWluLWtoYXJhZGkv0gEA?oc=5,"Fri, 01 Jan 2021 08:00:00 GMT"
Mumbai court grants bail to rape accused after mother of victim requested his release for marriage with daughter: Details - OpIndia,https://news.google.com/rss/articles/CBMiamh0dHBzOi8vd3d3Lm9waW5kaWEuY29tLzIwMjEvMDEvbXVtYmFpLWNvdXJ0LXJhcGUtYWNjdXNlZC1wb2Nzby1hY3QtbWlub3ItdmljdGltLW1vdGhlci1tYXJyaWFnZS1wcmVnbmFudC_SAW5odHRwczovL3d3dy5vcGluZGlhLmNvbS8yMDIxLzAxL211bWJhaS1jb3VydC1yYXBlLWFjY3VzZWQtcG9jc28tYWN0LW1pbm9yLXZpY3RpbS1tb3RoZXItbWFycmlhZ2UtcHJlZ25hbnQvYW1wLw?oc=5,"Fri, 29 Jan 2021 08:00:00 GMT"
CPS and police collaboration to drive up performance on rape and ... - The Crown Prosecution Service,https://news.google.com/rss/articles/CBMib2h0dHBzOi8vd3d3LmNwcy5nb3YudWsvY3BzL25ld3MvY3BzLWFuZC1wb2xpY2UtY29sbGFib3JhdGlvbi1kcml2ZS1wZXJmb3JtYW5jZS1yYXBlLWFuZC1zZXJpb3VzLXNleHVhbC1vZmZlbmNlc9IBAA?oc=5,"Fri, 22 Jan 2021 08:00:00 GMT"
Pune: Man Arrested For Kidnapping And Raping Woman Who Was ... - Punekar News,https://news.google.com/rss/articles/CBMifWh0dHBzOi8vd3d3LnB1bmVrYXJuZXdzLmluL3B1bmUtbWFuLWFycmVzdGVkLWZvci1raWRuYXBwaW5nLWFuZC1yYXBpbmctd29tYW4td2hvLXdhcy1yZXR1cm5pbmctZnJvbS13b3JrLWF0LW5pZ2h0LWluLWtoYXJhZGkv0gEA?oc=5,"Sun, 03 Jan 2021 08:00:00 GMT"
"Rape, Murder Of O-Level Student: Doctor confirms rape, finds injury marks - The Daily Star",https://news.google.com/rss/articles/CBMid2h0dHBzOi8vd3d3LnRoZWRhaWx5c3Rhci5uZXQvZnJvbnRwYWdlL25ld3MvcmFwZS1tdXJkZXItby1sZXZlbC1zdHVkZW50LWRvY3Rvci1jb25maXJtcy1yYXBlLWZpbmRzLWluanVyeS1tYXJrcy0yMDI0NTUz0gF7aHR0cHM6Ly93d3cudGhlZGFpbHlzdGFyLm5ldC9mcm9udHBhZ2UvbmV3cy9yYXBlLW11cmRlci1vLWxldmVsLXN0dWRlbnQtZG9jdG9yLWNvbmZpcm1zLXJhcGUtZmluZHMtaW5qdXJ5LW1hcmtzLTIwMjQ1NTM_YW1w?oc=5,"Sat, 09 Jan 2021 08:00:00 GMT"
"Delhi HC cites 8-hour delay in filing FIR, grants bail to rape accused - The Indian Express",https://news.google.com/rss/articles/CBMifWh0dHBzOi8vaW5kaWFuZXhwcmVzcy5jb20vYXJ0aWNsZS9jaXRpZXMvZGVsaGkvZGVsaGktaGMtY2l0ZXMtOC1ob3VyLWRlbGF5LWluLWZpbGluZy1maXItZ3JhbnRzLWJhaWwtdG8tcmFwZS1hY2N1c2VkLTcxNjU4MjMv0gGCAWh0dHBzOi8vaW5kaWFuZXhwcmVzcy5jb20vYXJ0aWNsZS9jaXRpZXMvZGVsaGkvZGVsaGktaGMtY2l0ZXMtOC1ob3VyLWRlbGF5LWluLWZpbGluZy1maXItZ3JhbnRzLWJhaWwtdG8tcmFwZS1hY2N1c2VkLTcxNjU4MjMvbGl0ZS8?oc=5,"Fri, 29 Jan 2021 08:00:00 GMT"
Woman found dead in Khar building: Mumbai Police to probe attempt to rape angle - Hindustan Times,https://news.google.com/rss/articles/CBMimwFodHRwczovL3d3dy5oaW5kdXN0YW50aW1lcy5jb20vbXVtYmFpLW5ld3Mvd29tYW4tZm91bmQtZGVhZC1pbi1raGFyLWJ1aWxkaW5nLW11bWJhaS1wb2xpY2UtdG8tcHJvYmUtYXR0ZW1wdC10by1yYXBlLWFuZ2xlL3N0b3J5LUlROFFDVEw1ZTB3YXdVYVVtcXFldE4uaHRtbNIBnwFodHRwczovL3d3dy5oaW5kdXN0YW50aW1lcy5jb20vbXVtYmFpLW5ld3Mvd29tYW4tZm91bmQtZGVhZC1pbi1raGFyLWJ1aWxkaW5nLW11bWJhaS1wb2xpY2UtdG8tcHJvYmUtYXR0ZW1wdC10by1yYXBlLWFuZ2xlL3N0b3J5LUlROFFDVEw1ZTB3YXdVYVVtcXFldE5fYW1wLmh0bWw?oc=5,"Mon, 04 Jan 2021 08:00:00 GMT"
"Uttar Pradesh: Father, Son Arrested For Raping, Attempting To Convert 13-Yr-Old Girl In Ballia - The Logical Indian",https://news.google.com/rss/articles/CBMiY2h0dHBzOi8vdGhlbG9naWNhbGluZGlhbi5jb20vaHVtYW5pbnRlcmVzdC9tYW4tcmFwZS1yZWxpZ2lvdXMtY29udmVyc2lvbi1hdHRlbXB0LWJhbGxpYS1taW5vci0yNjQ1MtIBZ2h0dHBzOi8vdGhlbG9naWNhbGluZGlhbi5jb20vYW1wL2h1bWFuaW50ZXJlc3QvbWFuLXJhcGUtcmVsaWdpb3VzLWNvbnZlcnNpb24tYXR0ZW1wdC1iYWxsaWEtbWlub3ItMjY0NTI?oc=5,"Thu, 28 Jan 2021 08:00:00 GMT"
Horrific Rape Case In UP; Nationwide Cow Science Exam + More Top News - Indiatimes.com,https://news.google.com/rss/articles/CBMidGh0dHBzOi8vd3d3LmluZGlhdGltZXMuY29tL25ld3MvaW5kaWEvaG9ycmlmaWMtcmFwZS1jYXNlLWluLXVwLW5hdGlvbndpZGUtY293LXNjaWVuY2UtZXhhbS1tb3JlLXRvcC1uZXdzLTUzMTMxMC5odG1s0gF4aHR0cHM6Ly93d3cuaW5kaWF0aW1lcy5jb20vYW1wL25ld3MvaW5kaWEvaG9ycmlmaWMtcmFwZS1jYXNlLWluLXVwLW5hdGlvbndpZGUtY293LXNjaWVuY2UtZXhhbS1tb3JlLXRvcC1uZXdzLTUzMTMxMC5odG1s?oc=5,"Wed, 06 Jan 2021 08:00:00 GMT"
Lawyer Who's Faced Multiple Rape Charges Is Arrested on New Rape Charge in Boston - NECN,https://news.google.com/rss/articles/CBMiYGh0dHBzOi8vd3d3Lm5lY24uY29tL25ld3MvbG9jYWwvbGF3eWVyLWdhcnktemVyb2xhLXdhbnRlZC1yYXBlLWNoYXJnZS1ib3N0b24tcG9saWNlLXNheS8yMzg5MTY4L9IBZmh0dHBzOi8vd3d3Lm5lY24uY29tL25ld3MvbG9jYWwvbGF3eWVyLWdhcnktemVyb2xhLXdhbnRlZC1yYXBlLWNoYXJnZS1ib3N0b24tcG9saWNlLXNheS8yMzg5MTY4Lz9hbXA9MQ?oc=5,"Thu, 14 Jan 2021 08:00:00 GMT"
Shocking rape of Malaysian teen in police lock-up raises calls for ... - The Straits Times,https://news.google.com/rss/articles/CBMifGh0dHBzOi8vd3d3LnN0cmFpdHN0aW1lcy5jb20vYXNpYS9zZS1hc2lhL3Nob2NraW5nLXJhcGUtb2YtbWFsYXlzaWFuLXRlZW5hZ2VyLWluLXBvbGljZS1sb2NrLXVwLXJhaXNlcy1jYWxscy1mb3ItaW5kZXBlbmRlbnTSAQA?oc=5,"Wed, 27 Jan 2021 08:00:00 GMT"
Tik Tok being used to spread false information about rape studies - UND The Dakota Student,https://news.google.com/rss/articles/CBMiamh0dHBzOi8vZGFrb3Rhc3R1ZGVudC5jb20vMTQyNzQvb3Bpbmlvbi90aWstdG9rLWJlaW5nLXVzZWQtdG8tc3ByZWFkLWZhbHNlLWluZm9ybWF0aW9uLWFib3V0LXJhcGUtc3R1ZGllcy_SAQA?oc=5,"Mon, 18 Jan 2021 08:00:00 GMT"
Jharkhand Police arrests Dhanbad man for raping 17-year-old specially-abled girl - India Today,https://news.google.com/rss/articles/CBMikgFodHRwczovL3d3dy5pbmRpYXRvZGF5LmluL2NyaW1lL3N0b3J5L2poYXJraGFuZC1wb2xpY2UtYXJyZXN0cy1kaGFuYmFkLW1hbi1mb3ItYWxsZWdlZC1yYXBlLW9mLTE3LXllYXItb2xkLXNwZWNpYWxseS1hYmxlZC1naXJsLTE3NjEwNDMtMjAyMS0wMS0yMNIBlgFodHRwczovL3d3dy5pbmRpYXRvZGF5LmluL2FtcC9jcmltZS9zdG9yeS9qaGFya2hhbmQtcG9saWNlLWFycmVzdHMtZGhhbmJhZC1tYW4tZm9yLWFsbGVnZWQtcmFwZS1vZi0xNy15ZWFyLW9sZC1zcGVjaWFsbHktYWJsZWQtZ2lybC0xNzYxMDQzLTIwMjEtMDEtMjA?oc=5,"Wed, 20 Jan 2021 08:00:00 GMT"
Teenager who killed man in self-defence to be acquitted? - The New Indian Express,https://news.google.com/rss/articles/CBMiggFodHRwczovL3d3dy5uZXdpbmRpYW5leHByZXNzLmNvbS9zdGF0ZXMvdGFtaWwtbmFkdS8yMDIxL2phbi8wOC90ZWVuYWdlci13aG8ta2lsbGVkLW1hbi1pbnNlbGYtZGVmZW5jZS10by1iZS1hY3F1aXR0ZWQtMjI0NzA1OS5odG1s0gGBAWh0dHBzOi8vd3d3Lm5ld2luZGlhbmV4cHJlc3MuY29tL3N0YXRlcy90YW1pbC1uYWR1LzIwMjEvamFuLzA4L3RlZW5hZ2VyLXdoby1raWxsZWQtbWFuLWluc2VsZi1kZWZlbmNlLXRvLWJlLWFjcXVpdHRlZC0yMjQ3MDU5LmFtcA?oc=5,"Fri, 08 Jan 2021 08:00:00 GMT"
"How Dalit Women Are Fighting Back Against Rape, Assault - Refinery29",https://news.google.com/rss/articles/CBMiYWh0dHBzOi8vd3d3LnJlZmluZXJ5MjkuY29tL2VuLXVzLzIwMjEvMDEvMTAyNDYwOTkvZGFsaXQtaW5kaWEtd29tZW4tcmFwZS1zZXh1YWwtdmlvbGVuY2UtZXBpZGVtaWPSAQA?oc=5,"Fri, 29 Jan 2021 08:00:00 GMT"
Covid: Rape trial delays leave woman feeling 'forgotten' - BBC,https://news.google.com/rss/articles/CBMiMmh0dHBzOi8vd3d3LmJiYy5jb20vbmV3cy91ay1lbmdsYW5kLWxlZWRzLTU1ODI4MTQw0gE2aHR0cHM6Ly93d3cuYmJjLmNvbS9uZXdzL3VrLWVuZ2xhbmQtbGVlZHMtNTU4MjgxNDAuYW1w?oc=5,"Wed, 27 Jan 2021 08:00:00 GMT"
Rape: Man jailed 22 years for raping 14-year-old daughter - Premium Times,https://news.google.com/rss/articles/CBMigQFodHRwczovL3d3dy5wcmVtaXVtdGltZXNuZy5jb20vcmVnaW9uYWwvc291dGgtc291dGgtcmVnaW9uYWwvNDM2MzA2LXJhcGUtbWFuLWphaWxlZC0yMi15ZWFycy1mb3ItcmFwaW5nLTE0LXllYXItb2xkLWRhdWdodGVyLmh0bWzSAQA?oc=5,"Tue, 12 Jan 2021 08:00:00 GMT"
Uttar Pradesh: Police Official Rapes Woman When Approached for Help in a Dowry Case - The Wire,https://news.google.com/rss/articles/CBMia2h0dHBzOi8vdGhld2lyZS5pbi93b21lbi91dHRhci1wcmFkZXNoLXBvbGljZS1vZmZpY2lhbC1yYXBlcy13b21hbi13aGVuLWFwcHJvYWNoZWQtZm9yLWhlbHAtaW4tYS1kb3dyeS1jYXNl0gF5aHR0cHM6Ly9tLnRoZXdpcmUuaW4vYXJ0aWNsZS93b21lbi91dHRhci1wcmFkZXNoLXBvbGljZS1vZmZpY2lhbC1yYXBlcy13b21hbi13aGVuLWFwcHJvYWNoZWQtZm9yLWhlbHAtaW4tYS1kb3dyeS1jYXNlL2FtcA?oc=5,"Sat, 16 Jan 2021 08:00:00 GMT"
"Journalist Rohini Singh Gets Rape Threats, Udaipur Police Take ... - SheThePeople",https://news.google.com/rss/articles/CBMiWmh0dHBzOi8vd3d3LnNoZXRoZXBlb3BsZS50di9uZXdzL2pvdXJuYWxpc3Qtcm9oaW5pLXNpbmdoLWdldHMtcmFwZS10aHJlYXRzLXVkYWlwdXItcG9saWNlL9IBAA?oc=5,"Sat, 30 Jan 2021 08:00:00 GMT"
Derek Seekings: Surrey Police sergeant raped woman during break - BBC,https://news.google.com/rss/articles/CBMiLGh0dHBzOi8vd3d3LmJiYy5jb20vbmV3cy91ay1lbmdsYW5kLTU1NTkxNzgw0gEwaHR0cHM6Ly93d3cuYmJjLmNvbS9uZXdzL3VrLWVuZ2xhbmQtNTU1OTE3ODAuYW1w?oc=5,"Fri, 08 Jan 2021 08:00:00 GMT"
"Youth held for torturing wife, raping minor girl in Villivakkam - The Hindu",https://news.google.com/rss/articles/CBMif2h0dHBzOi8vd3d3LnRoZWhpbmR1LmNvbS9uZXdzL2NpdGllcy9jaGVubmFpL3lvdXRoLWhlbGQtZm9yLXRvcnR1cmluZy13aWZlLXJhcGluZy1taW5vci1naXJsLWluLXZpbGxpdmFra2FtL2FydGljbGUzMzU5MDc4My5lY2XSAYQBaHR0cHM6Ly93d3cudGhlaGluZHUuY29tL25ld3MvY2l0aWVzL2NoZW5uYWkveW91dGgtaGVsZC1mb3ItdG9ydHVyaW5nLXdpZmUtcmFwaW5nLW1pbm9yLWdpcmwtaW4tdmlsbGl2YWtrYW0vYXJ0aWNsZTMzNTkwNzgzLmVjZS9hbXAv?oc=5,"Sun, 17 Jan 2021 08:00:00 GMT"
New rape kit law takes effect with New Year in Minnesota - FOX 9 Minneapolis-St. Paul,https://news.google.com/rss/articles/CBMiUmh0dHBzOi8vd3d3LmZveDkuY29tL25ld3MvbmV3LXJhcGUta2l0LWxhdy10YWtlcy1lZmZlY3Qtd2l0aC1uZXcteWVhci1pbi1taW5uZXNvdGHSAVZodHRwczovL3d3dy5mb3g5LmNvbS9uZXdzL25ldy1yYXBlLWtpdC1sYXctdGFrZXMtZWZmZWN0LXdpdGgtbmV3LXllYXItaW4tbWlubmVzb3RhLmFtcA?oc=5,"Fri, 01 Jan 2021 08:00:00 GMT"
17-year-old rape victim critical after sleeping pill overdose - India Today,https://news.google.com/rss/articles/CBMicGh0dHBzOi8vd3d3LmluZGlhdG9kYXkuaW4vaW5kaWEvc3RvcnkvMTcteWVhci1vbGQtcmFwZS12aWN0aW0tY3JpdGljYWwtc2xlZXBpbmctcGlsbC1vdmVyZG9zZS0xNzYxMTQ4LTIwMjEtMDEtMjDSAXRodHRwczovL3d3dy5pbmRpYXRvZGF5LmluL2FtcC9pbmRpYS9zdG9yeS8xNy15ZWFyLW9sZC1yYXBlLXZpY3RpbS1jcml0aWNhbC1zbGVlcGluZy1waWxsLW92ZXJkb3NlLTE3NjExNDgtMjAyMS0wMS0yMA?oc=5,"Wed, 20 Jan 2021 08:00:00 GMT"
Philippine police under microscope after ‘rape-slay’ case falls apart - South China Morning Post,https://news.google.com/rss/articles/CBMieGh0dHBzOi8vd3d3LnNjbXAuY29tL3dlZWstYXNpYS9saWZlc3R5bGUtY3VsdHVyZS9hcnRpY2xlLzMxMTc0NTAvcGhpbGlwcGluZS1wb2xpY2UtdW5kZXItbWljcm9zY29wZS1hZnRlci1yYXBlLXNsYXktY2FzZdIBeGh0dHBzOi8vYW1wLnNjbXAuY29tL3dlZWstYXNpYS9saWZlc3R5bGUtY3VsdHVyZS9hcnRpY2xlLzMxMTc0NTAvcGhpbGlwcGluZS1wb2xpY2UtdW5kZXItbWljcm9zY29wZS1hZnRlci1yYXBlLXNsYXktY2FzZQ?oc=5,"Tue, 12 Jan 2021 08:00:00 GMT"
"FIR registered in Bulandshahr Sub-Inspector rape, suicide case - The Sunday Guardian",https://news.google.com/rss/articles/CBMiYWh0dHBzOi8vc3VuZGF5Z3VhcmRpYW5saXZlLmNvbS9uZXdzL2Zpci1yZWdpc3RlcmVkLWluLWJ1bGFuZHNoYWhyLXN1Yi1pbnNwZWN0b3ItcmFwZS1zdWljaWRlLWNhc2XSAQA?oc=5,"Mon, 25 Jan 2021 08:00:00 GMT"
"Victim-blaming allows more rapes to happen, more cases to go underreported, say experts - GMA News Online",https://news.google.com/rss/articles/CBMilQFodHRwczovL3d3dy5nbWFuZXR3b3JrLmNvbS9uZXdzL2xpZmVzdHlsZS9jb250ZW50Lzc3MDU3Ny92aWN0aW0tYmxhbWluZy1hbGxvd3MtbW9yZS1yYXBlcy10by1oYXBwZW4tbW9yZS1jYXNlcy10by1nby11bmRlcnJlcG9ydGVkLXNheS1leHBlcnRzL3N0b3J5L9IBmQFodHRwczovL3d3dy5nbWFuZXR3b3JrLmNvbS9uZXdzL2xpZmVzdHlsZS9jb250ZW50Lzc3MDU3Ny92aWN0aW0tYmxhbWluZy1hbGxvd3MtbW9yZS1yYXBlcy10by1oYXBwZW4tbW9yZS1jYXNlcy10by1nby11bmRlcnJlcG9ydGVkLXNheS1leHBlcnRzL3N0b3J5Lz9hbXA?oc=5,"Tue, 05 Jan 2021 08:00:00 GMT"
Anganwadi worker's gang rape: Priest called his mother to temple ... - Pragativadi,https://news.google.com/rss/articles/CBMiamh0dHBzOi8vcHJhZ2F0aXZhZGkuY29tL2FuZ2Fud2FkaS13b3JrZXJzLWdhbmctcmFwZS1wcmllc3QtY2FsbGVkLWhpcy1tb3RoZXItdG8tdGVtcGxlLWNsYWltcy12aWN0aW1zLXNvbi_SAQA?oc=5,"Mon, 11 Jan 2021 08:00:00 GMT"
Possibility Of A Relationship Gone Sour Cannot Be Ruled Out : Sikkim High Court Acquits Rape Accused - Live Law - Indian Legal News,https://news.google.com/rss/articles/CBMiYGh0dHBzOi8vd3d3LmxpdmVsYXcuaW4vbmV3cy11cGRhdGVzL3JlbGF0aW9uc2hpcC1nb25lLXNvdXItc2lra2ltLWhpZ2gtY291cnQtcmFwZS1hY2N1c2VkLTE2ODExONIBZGh0dHBzOi8vd3d3LmxpdmVsYXcuaW4vYW1wL25ld3MtdXBkYXRlcy9yZWxhdGlvbnNoaXAtZ29uZS1zb3VyLXNpa2tpbS1oaWdoLWNvdXJ0LXJhcGUtYWNjdXNlZC0xNjgxMTg?oc=5,"Thu, 07 Jan 2021 08:00:00 GMT"
